"","Name","Position","mean","min","max","freq","range"
"1","A.J. Green","WR",11.863749962,10.8,14.41874981,5,3.61874981
"2","Aaron Burbridge","WR",3.08125,3.08125,3.08125,2,0
"3","Aaron Dobson","WR",3.433333397,3.433333397,3.433333397,1,0
"4","Aaron Rodgers","QB",19.085999878,17.34,20,5,2.66
"5","Adam Humphries","WR",6.018181818,4.136363636,7.9,2,3.763636364
"6","Adam Vinatieri","K",8.3825,7.6875,8.9125,5,1.225
"7","Adrian Peterson","RB",12.713749962,7.4,15.35624981,5,7.95624981
"8","AJ McCarron","QB",8.17999976,8.17999976,8.17999976,1,0
"9","Albert Wilson","WR",6.57142849866667,4.4,9.8,3,5.4
"10","Alex Smith","QB",19.337999878,16.25,27,5,10.75
"11","Alfred Blue","RB",6.18095230833333,3.1,8,3,4.9
"12","Alfred Morris","RB",4.19999996833333,3.4375,5.724999905,3,2.287499905
"13","Allen Hurns","WR",7.607166748,5.9,12.87333374,5,6.97333374
"14","Allen Robinson","WR",12.575,9.7,16.5,5,6.8
"15","Alshon Jeffery","WR",10.721666598,7.8,14.63333299,5,6.83333299
"16","Amari Cooper","WR",10.513749962,9.4625,11.6,5,2.1375
"17","Ameer Abdullah","RB",7.73375,6.53125,8.71875,5,2.1875
"18","Andre Ellington","RB",4.9099998475,3.1,6.719999695,2,3.619999695
"19","Andre Holmes","WR",4.2653845565,3.930769113,4.6,2,0.669230886999999
"20","Andre Johnson","WR",4.5625000955,3.2,5.925000191,2,2.725000191
"21","Andre Roberts","WR",3.125,3.125,3.125,1,0
"22","Andrew Franks","K",5.945,4.875,6.875,5,2
"23","Andrew Hawkins","WR",6.44583326966667,4.4,9.8,3,5.4
"24","Andrew Luck","QB",19.055642752,18.35625,20.40571376,5,2.04946376
"25","Andy Dalton","QB",16.396115338,14.8,19.32307669,5,4.52307669
"26","Anquan Boldin","WR",5.934285627,4.75,9.671428135,5,4.921428135
"27","Anthony Fasano","TE",3.850000109,3.850000109,3.850000109,1,0
"28","Antonio Andrews","RB",7.252857208,7.252857208,7.252857208,1,0
"29","Antonio Brown","WR",16.010000152,13.1,20.01250076,5,6.91250076
"30","Antonio Gates","TE",6.7575,4.5,11,5,6.5
"31","Arian Foster","RB",10.395,8.0375,16.5,5,8.4625
"32","Arizona","D",7.6,7.6,7.6,1,0
"33","Arizona Cardinals","D",10.5,10.5,10.5,1,0
"34","Atlanta","D",4.2,4.2,4.2,1,0
"35","Atlanta Falcons","D",5.8125,5.8125,5.8125,1,0
"36","Austin Davis","QB",7.393333435,7.393333435,7.393333435,1,0
"37","Austin Seferian-Jenkins","TE",5.4089286586,4,9.757143293,5,5.757143293
"38","Baltimore","D",4.5,4.5,4.5,1,0
"39","Baltimore Ravens","D",6.4375,6.4375,6.4375,1,0
"40","Ben Roethlisberger","QB",19.996166586,17.61875,26.3,5,8.68125
"41","Benjamin Watson","TE",9.59375,9.59375,9.59375,1,0
"42","Benny Cunningham","RB",4.4333333335,3.466666667,5.4,2,1.933333333
"43","Bilal Powell","RB",7.1394886025,5.8,10.14545441,4,4.34545441
"44","Bishop Sankey","RB",4.183333397,4.183333397,4.183333397,1,0
"45","Blaine Gabbert","QB",13.449000138,10.54,17.09250069,5,6.55250069
"46","Blair Walsh","K",8.84,7,12,5,5
"47","Blake Bortles","QB",17.324499938,15.1,20.88249969,5,5.78249969
"48","Branden Oliver","RB",4.071428571,4.071428571,4.071428571,1,0
"49","Brandin Cooks","WR",10.815000076,9.2,13.22500038,5,4.02500038
"50","Brandon Bolden","RB",5.472727342,5.472727342,5.472727342,1,0
"51","Brandon Coleman","WR",4.908333365,4.525000095,5.2,3,0.674999905
"52","Brandon LaFell","WR",4.4965909368,3.06875,6.445454684,5,3.376704684
"53","Brandon Marshall","WR",13.128750152,11.075,17.79375076,5,6.71875076
"54","Brandon McManus","K",6.99583333333333,6.3,7.34375,3,1.04375
"55","Brandon Myers","TE",3.116666794,3.116666794,3.116666794,1,0
"56","Brandon Weeden","QB",11.40333303,11.40333303,11.40333303,1,0
"57","Braxton Miller","WR",4.40625,4.40625,4.40625,2,0
"58","Brent Celek","TE",5.941666921,5.941666921,5.941666921,1,0
"59","Breshad Perriman","WR",3.875,3.875,3.875,2,0
"60","Brian Hartline","WR",7.275000254,7.275000254,7.275000254,1,0
"61","Brian Hoyer","QB",15.78545449,15.78545449,15.78545449,1,0
"62","Brian Quick","WR",3.5,3.5,3.5,1,0
"63","Brice Butler","WR",7.4299999235,6.359999847,8.5,2,2.140000153
"64","Brock Osweiler","QB",15.99849997,15.3125,18.12,5,2.8075
"65","Bruce Ellington","WR",11,11,11,1,0
"66","Bryan Walters","WR",5.345454476,5.345454476,5.345454476,1,0
"67","Buffalo","D",5.1,5.1,5.1,1,0
"68","Buffalo Bills","D",6.125,6.125,6.125,1,0
"69","C.J. Anderson","RB",11.71875,10.5875,14.7,4,4.1125
"70","C.J. Prosise","RB",3.98125,3.98125,3.98125,2,0
"71","C.J. Spiller","RB",4.46858970433333,4.2375,4.930769113,3,0.693269113
"72","Cairo Santos","K",8.413999939,7.56875,9.132499695,5,1.563749695
"73","Caleb Sturgis","K",8.953846154,7.4,12,3,4.6
"74","Cam Newton","QB",17.860625,13.18,20.98125,4,7.80125
"75","Cameron Brate","TE",4.85833327,4.85833327,4.85833327,1,0
"76","Carlos Hyde","RB",10.018214372,7.5,10.83125,5,3.33125
"77","Carolina","D",8.1,8.1,8.1,1,0
"78","Carson Palmer","QB",17.169999878,16.1,20.01499939,5,3.91499939
"79","Case Keenum","QB",7.8147499465,4.6375,13.06,4,8.4225
"80","Cecil Shorts","WR",3.1,3.1,3.1,1,0
"81","Cecil Shorts III","WR",6.6927273835,5.3,8.085454767,2,2.785454767
"82","Chandler Catanzaro","K",8.359375,7.85,8.9375,4,1.0875
"83","Charcandrick West","RB",8.248718027,6.7,9.446154081,3,2.746154081
"84","Charles Clay","TE",5.2440385084,3.2,7.407692542,5,4.207692542
"85","Charles Johnson","WR",4.00833333333333,3.6125,4.8,3,1.1875
"86","Charles Sims","RB",7.41375,5.8,9.65625,5,3.85625
"87","Chicago","D",4.6,4.6,4.6,1,0
"88","Chicago Bears","D",5.0625,5.0625,5.0625,1,0
"89","Chris Boswell","K",8.89375,8.2875,10.5,4,2.2125
"90","Chris Conley","WR",3.852430598,3.3,4.14375,4,0.84375
"91","Chris Givens","WR",3.792857034,3.792857034,3.792857034,1,0
"92","Chris Hogan","WR",5.12182687625,3.4,5.812307505,4,2.412307505
"93","Chris Ivory","RB",8.557666626,6.2,12.51333313,5,6.31333313
"94","Chris Johnson","RB",5.44943174875,3.6625,9.472726995,4,5.810226995
"95","Chris Matthews","WR",8.1,8.1,8.1,1,0
"96","Chris Thompson","RB",5.577884592,4.45625,7.6,5,3.14375
"97","Christine Michael","RB",4.531249988,3.424999952,5.3,4,1.875000048
"98","Cincinnati","D",6.4,6.4,6.4,1,0
"99","Cincinnati Bengals","D",8.75,8.75,8.75,1,0
"100","Clay Harbor","TE",3.737499952,3.737499952,3.737499952,1,0
"101","Cleveland","D",4.3,4.3,4.3,1,0
"102","Cleveland Browns","D",5.4375,5.4375,5.4375,1,0
"103","Clive Walford","TE",4.922291692,4.1,5.63125,4,1.53125
"104","Coby Fleener","TE",6.253833313,3.4,7.53125,5,4.13125
"105","Cody Parkey","K",6.726388889,5.666666667,7.25625,3,1.589583333
"106","Cole Beasley","WR",4.277499981,3.1,6.599999905,5,3.499999905
"107","Colin Kaepernick","QB",12.79999966,12.79999966,12.79999966,1,0
"108","Colt McCoy","QB",8.819999695,8.819999695,8.819999695,1,0
"109","Connor Barth","K",7.36458333325,6.6,8.583333333,4,1.983333333
"110","Cordarrelle Patterson","WR",3.1,3.1,3.1,1,0
"111","Corey Brown","WR",3.7,3.7,3.7,1,0
"112","Corey Coleman","WR",7.871875,6.39375,10.9,4,4.50625
"113","Craig Stevens","TE",3.010000038,3.010000038,3.010000038,1,0
"114","Crockett Gillmore","TE",4.894166565,3.25625,8.169999695,3,4.913749695
"115","Dak Prescott","QB",10.12125,6.3625,15.6,4,9.2375
"116","Dallas","D",4.9,4.9,4.9,1,0
"117","Dallas Cowboys","D",5.25,5.25,5.25,1,0
"118","Dan Bailey","K",8.0475,7.2,8.425,5,1.225
"119","Dan Carpenter","K",7.9625,6.7,11,5,4.3
"120","Dan Orlovsky","QB",5.519999981,5.519999981,5.519999981,1,0
"121","Danny Amendola","WR",5.79142848433333,3.5,8.274285453,3,4.774285453
"122","Danny Woodhead","RB",7.848750076,3.4,12.69375038,5,9.29375038
"123","Darius Jennings","WR",6.233333588,6.233333588,6.233333588,1,0
"124","Darren Fells","TE",6.6090908395,5.418181679,7.8,2,2.381818321
"125","Darren McFadden","RB",10.92708327,5.8,16,3,10.2
"126","Darren Sproles","RB",6.7025,4.1,8.4,5,4.3
"127","Darrius Heyward-Bey","WR",4.900000139,4.900000139,4.900000139,1,0
"128","Davante Adams","WR",4.90128212966667,4.225,6.253846389,3,2.028846389
"129","David Johnson","RB",13.345000038,12.36250019,14,5,1.63749981
"130","De'Anthony Thomas","WR",3.590000153,3.590000153,3.590000153,1,0
"131","DeAndre Hopkins","WR",13.240000076,11.6,17.22500038,5,5.62500038
"132","DeAndre Washington","RB",3.90625,3.90625,3.90625,2,0
"133","DeAngelo Williams","RB",11.734999924,5.58125,20.4,5,14.81875
"134","Delanie Walker","TE",8.311999918,5.7,13.15999959,5,7.45999959
"135","DeMarco Murray","RB",9.945333252,6.7,11.6,5,4.9
"136","Demaryius Thomas","WR",10.1625,9.175,12.6,4,3.425
"137","Denard Robinson","RB",8.7958333335,4.791666667,12.8,2,8.008333333
"138","Dennis Pitta","TE",3.3,3.3,3.3,1,0
"139","Denver","D",6.9,6.9,6.9,1,0
"140","Derek Carr","QB",17.752499984,15.8375,20.3,5,4.4625
"141","Derrick Henry","RB",7.52916666666667,7.2,7.69375,3,0.493749999999999
"142","DeSean Jackson","WR",9.2405556234,8.1,11.5,5,3.4
"143","Detroit","D",5.4,5.4,5.4,1,0
"144","Detroit Lions","D",6.0625,6.0625,6.0625,1,0
"145","DeVante Parker","WR",7.495000038,5.4,10.05000019,5,4.65000019
"146","Devin Funchess","WR",7.3375,5.7,11,4,5.3
"147","Devonta Freeman","RB",15.691999918,12.35,20.9,5,8.55
"148","Devontae Booker","RB",6.54375,6.54375,6.54375,2,0
"149","Dexter McCluster","RB",5.163636225,3.4,6.92727245,2,3.52727245
"150","Dez Bryant","WR",10.2480555216,8.177777608,11.1,5,2.922222392
"151","Dion Lewis","RB",14.59999956,14.59999956,14.59999956,1,0
"152","Dion Lewis*","RB",4.36875,4.36875,4.36875,2,0
"153","Donald Brown","RB",6.950000127,6.950000127,6.950000127,1,0
"154","Donte Moncrief","WR",7.6587500382,3.9,8.88125,5,4.98125
"155","Donteea Dye","WR",7.3,7.3,7.3,1,0
"156","Dontrelle Inman","WR",6.17083327,5.5,6.84166654,2,1.34166654
"157","Dorial Green-Beckham","WR",6.10535717,3.85,9.8,4,5.95
"158","Doug Baldwin","WR",10.763749924,8.875,14.36874962,5,5.49374962
"159","Doug Martin","RB",13.075000038,11.74375,15.3,5,3.55625
"160","Drew Brees","QB",18.63566683,17.2,21.01333415,5,3.81333415
"161","DuJuan Harris","RB",7.775000095,7.775000095,7.775000095,1,0
"162","Duke Johnson","RB",15,15,15,1,0
"163","Duke Johnson Jr.","RB",8.16250004775,7.24375,9.8,4,2.55625
"164","Dustin Hopkins","K",7.2116666666,6,8.333333333,5,2.333333333
"165","Dwayne Allen","TE",5.725,4.4,7.7,4,3.3
"166","Dwayne Harris","WR",6.320000203,6.320000203,6.320000203,1,0
"167","Eddie Lacy","RB",9.5063334148,7.1,11,5,3.9
"168","Eddie Royal","WR",3.941111128,3.3,5.35555564,5,2.05555564
"169","EJ Manuel","QB",10.46000004,10.46000004,10.46000004,1,0
"170","Eli Manning","QB",17.011250062,13.82,18.83625031,5,5.01625031
"171","Emmanuel Sanders","WR",9.18125,7.2,12.7,4,5.5
"172","Eric Decker","WR",11.32099996,9,14.1799998,5,5.1799998
"173","Eric Ebron","TE",5.5389285278,3.6,7.657142639,5,4.057142639
"174","Ezekiel Elliott","RB",11.515625,7.3,13.4,4,6.1
"175","Fitzgerald Toussaint","RB",5.3,3.5,7.1,2,3.6
"176","Frank Gore","RB",11.102499924,9.54375,13.7,5,4.15625
"177","Garrett Celek","TE",4.609999847,4.609999847,4.609999847,1,0
"178","Gary Barnidge","TE",9.285000038,7.28125,12.36250019,5,5.08125019
"179","Geno Smith","QB",21,21,21,1,0
"180","Giovani Bernard","RB",8.4712499618,5.3,10.3,5,5
"181","Golden Tate","WR",8.027499924,5,10.27499962,5,5.27499962
"182","Graham Gano","K",7.80833333333333,7.5,7.9625,3,0.4625
"183","Green Bay","D",6.1,6.1,6.1,1,0
"184","Green Bay Packers","D",7.5625,7.5625,7.5625,1,0
"185","Greg Olsen","TE",8.871875,6.6,12.1,4,5.5
"186","Greg Salas","WR",6.4999999525,5.599999905,7.4,2,1.800000095
"187","Greg Zuerlein","K",7.4332142858,6.06875,11,5,4.93125
"188","Griff Whalen","WR",3.555555556,3.555555556,3.555555556,1,0
"189","Harry Douglas","WR",6.6964285715,4.892857143,8.5,2,3.607142857
"190","Houston","D",7,7,7,1,0
"191","Houston Texans","D",9.4375,9.4375,9.4375,1,0
"192","Indianapolis","D",8.4,8.4,8.4,1,0
"193","Indianapolis Colts","D",7.625,7.625,7.625,1,0
"194","Isaiah Crowell","RB",8.7487500382,7.5625,11.6,5,4.0375
"195","J.J. Nelson","WR",6.422222307,5.044444614,7.8,2,2.755555386
"196","Jace Amaro","TE",3.1625,3.1,3.19375,3,0.09375
"197","Jacksonville","D",4.3,4.3,4.3,1,0
"198","Jacksonville Jaguars","D",6.1875,6.1875,6.1875,1,0
"199","Jacob Tamme","TE",4.95541661575,3.5875,6.746666463,4,3.159166463
"200","Jaelen Strong","WR",3.8394999694,3.1,5.3,5,2.2
"201","Jake Stoneburner","TE",6.400000254,6.400000254,6.400000254,1,0
"202","Jamaal Charles","RB",14.818999938,12.1375,18.11999969,5,5.98249969
"203","Jameis Winston","QB",16.472250138,13.8,18.12375069,5,4.32375069
"204","James Jones","WR",8.8,8.8,8.8,1,0
"205","James Starks","RB",7.1425000382,5.33125,9.1,5,3.76875
"206","James White","RB",6.2849999746,3.3375,11.7,5,8.3625
"207","Jamison Crowder","WR",4.77656247625,4,6.506249905,4,2.506249905
"208","Jamize Olawale","RB",3.9,3.9,3.9,1,0
"209","Jared Abbrederis","WR",5.85,3.9,7.8,2,3.9
"210","Jared Cook","TE",4.574999981,3.1,5.625,5,2.525
"211","Jared Goff","QB",9.125,6.0375,15.3,3,9.2625
"212","Jarius Wright","WR",4.139999898,4.139999898,4.139999898,1,0
"213","Jarvis Landry","WR",11.062000008,9.16875,13.77250004,5,4.60375004
"214","Jason Myers","K",7.321875,6.2,7.73125,4,1.53125
"215","Jason Witten","TE",6.1700000382,3.7,7.862500191,5,4.162500191
"216","Javontee Herndon","WR",3.849999905,3.849999905,3.849999905,1,0
"217","Javorius Allen","RB",9.366666603,5.4,15,3,9.6
"218","Jay Ajayi","RB",4.878611128,4.35555564,5.21875,5,0.86319436
"219","Jay Cutler","QB",13.784133422,11.94,15.83066711,5,3.89066711
"220","Jeff Janis","WR",6.3,6.3,6.3,1,0
"221","Jeremy Butler","WR",6.474999905,6.474999905,6.474999905,1,0
"222","Jeremy Hill","RB",8.572500038,5.9,10.17500019,5,4.27500019
"223","Jeremy Langford","RB",10.8388334148,9.106667074,14.8,5,5.693332926
"224","Jeremy Maclin","WR",9.600166626,5.8,13.31333313,5,7.51333313
"225","Jerick McKinnon","RB",4.746250019,3.9,5.3,5,1.4
"226","Jermaine Kearse","WR",6.7025,4.6625,10.8,5,6.1375
"227","Jesse James","TE",3.520000076,3.520000076,3.520000076,1,0
"228","Jimmy Garoppolo","QB",8.1125,4.425,12.1,4,7.675
"229","Jimmy Graham","TE",6.6620454546,4.8,8.772727273,5,3.972727273
"230","Joe Flacco","QB",15.385300048,12.6,17.39400024,5,4.79400024
"231","John Brown","WR",8.105833334,3.6,11.66666667,5,8.06666667
"232","Jonas Gray","RB",4.100000109,4.100000109,4.100000109,1,0
"233","Jonathan Grimes","RB",5.576923077,5.576923077,5.576923077,1,0
"234","Jonathan Stewart","RB",9.14375,6.9,10.1,4,3.2
"235","Jordan Cameron","TE",4.56718747625,4,4.81875,4,0.81875
"236","Jordan Howard","RB",3.10625,3.10625,3.10625,2,0
"237","Jordan Matthews","WR",8.614999962,5.4,11.76249981,5,6.36249981
"238","Jordan Reed","TE",10.399642814,8.4,14.33571407,5,5.93571407
"239","Jordy Nelson","WR",9.50625,5.5,11.4,4,5.9
"240","Josh Bellamy","WR",6.9,6.9,6.9,1,0
"241","Josh Brown","K",8.76666666666667,8.525,9.25,3,0.725
"242","Josh Doctson","WR",6.4,5.1,7.7,2,2.6
"243","Josh Doctson*","WR",3.75,3.75,3.75,2,0
"244","Josh Gordon","WR",6.50625,6.50625,6.50625,2,0
"245","Josh Hill","TE",7.1,7.1,7.1,1,0
"246","Josh Huff","WR",4.478571483,4.478571483,4.478571483,1,0
"247","Josh Lambo","K",7.025,5.5,7.8125,4,2.3125
"248","Josh McCown","QB",17.02000046,17.02000046,17.02000046,1,0
"249","Joshua Bellamy","WR",4.390000153,4.390000153,4.390000153,1,0
"250","Julian Edelman","WR",9.365555556,6.1,15.77777778,5,9.67777778
"251","Julio Jones","WR",14.008750076,10.2,19.19375038,5,8.99375038
"252","Julius Thomas","TE",6.0641666666,4,8.208333333,5,4.208333333
"253","Justin Forsett","RB",9.17050003,6.9,12.2,5,5.3
"254","Justin Hardy","WR",5.24074072666667,3.32222218,8.3,3,4.97777782
"255","Justin Hunter","WR",4.822222392,4.822222392,4.822222392,1,0
"256","Justin Perillo","TE",3.616666794,3.616666794,3.616666794,1,0
"257","Justin Tucker","K",7.6425,5,9.125,5,4.125
"258","Ka'Deem Carey","RB",4.05833330166667,3.88125,4.412499905,3,0.531249905
"259","Kai Forbath","K",6.454545455,6.454545455,6.454545455,1,0
"260","Kamar Aiken","WR",6.5087499238,5.175,9.993749619,5,4.818749619
"261","Kansas City","D",9.3,9.3,9.3,1,0
"262","Kansas City Chiefs","D",11.125,11.125,11.125,1,0
"263","Keenan Allen","WR",10.18,6.8,16,5,9.2
"264","Kellen Clemens","QB",3.210000038,3.210000038,3.210000038,1,0
"265","Kellen Moore","QB",13.02000046,13.02000046,13.02000046,1,0
"266","Kelvin Benjamin","WR",8.6625,7.6,10.2,4,2.6
"267","Kenbrell Thompkins","WR",5.9833333335,4.166666667,7.8,2,3.633333333
"268","Kendall Gaskins","RB",3.674999952,3.674999952,3.674999952,1,0
"269","Kendall Wright","WR",4.74,3.8,7.85,5,4.05
"270","Kenny Bell","WR",4,4,4,1,0
"271","Kenny Britt","WR",7.436249981,5.8875,11.4,5,5.5125
"272","Kenny Stills","WR",5.51770833325,5.033333333,5.7,4,0.666666667
"273","Kerwynn Williams","RB",3.46666654,3.46666654,3.46666654,1,0
"274","Keshawn Martin","WR",6.35,5.5,7.2,2,1.7
"275","Kevin White","WR",7.671875,6.2,10.6,4,4.4
"276","Khiry Robinson","RB",5.425,3.1,7.75,2,4.65
"277","Kirk Cousins","QB",17.53900003,16.68,19.02750015,5,2.34750015
"278","Knile Davis","RB",5.6,5.6,5.6,1,0
"279","Kyle Juszczyk","RB",4.806250095,4.806250095,4.806250095,1,0
"280","Kyle Rudolph","TE",4.6475,3.2,6.5,5,3.3
"281","Ladarius Green","TE",5.488461597,4.1,6.876923194,2,2.776923194
"282","Ladarius Green*","TE",3.325,3.325,3.325,2,0
"283","Lamar Miller","RB",12.059999924,7.4,14.1,5,6.7
"284","Lance Dunbar","RB",9.675000191,9.675000191,9.675000191,1,0
"285","Lance Kendricks","TE",4.1,3.5,4.7,2,1.2
"286","Landry Jones","QB",3.717142923,3.717142923,3.717142923,1,0
"287","Laquon Treadwell","WR",4.828125,4.2,6.2,4,2
"288","Larry Donnell","TE",4.23437497625,3.31875,6.099999905,4,2.781249905
"289","Larry Fitzgerald","WR",10.4325,8.4,14.125,5,5.725
"290","Latavius Murray","RB",10.978750038,8.3,15.1,5,6.8
"291","Le'Veon Bell","RB",13.71111094,12.3,16.53333282,3,4.23333282
"292","LeGarrette Blount","RB",8.820833308,7.31875,11.2,5,3.88125
"293","Leonard Hankerson","WR",9.100000109,9.100000109,9.100000109,1,0
"294","LeSean McCoy","RB",12.144166616,8.8,13.55833308,5,4.75833308
"295","Lorenzo Taliaferro","RB",5.366666794,5.366666794,5.366666794,1,0
"296","Los Angeles","D",7.6,7.6,7.6,1,0
"297","Los Angeles Rams","D",8.6875,8.6875,8.6875,1,0
"298","Louis Murphy","WR",4.959999847,4.959999847,4.959999847,1,0
"299","Luke McCown","QB",6.199999809,6.199999809,6.199999809,1,0
"300","Marc Mariani","WR",7.7,7.7,7.7,1,0
"301","Marcel Reece","RB",4.233333333,4.233333333,4.233333333,1,0
"302","Marcus Easley","WR",4.100000064,4.100000064,4.100000064,1,0
"303","Marcus Mariota","QB",14.928333404,12.24,18.37666702,5,6.13666702
"304","Mark Ingram","RB",14.335833232,12.25625,18.9,5,6.64375
"305","Markus Wheaton","WR",7.0337499238,5.50625,8.2,5,2.69375
"306","Marlon Moore","WR",3.1,3.1,3.1,1,0
"307","Marqise Lee","WR",4.8113889228,3.50625,8.5,5,4.99375
"308","Marquess Wilson","WR",6.036363775,6.036363775,6.036363775,1,0
"309","Martellus Bennett","TE",5.259772755,3.4,8.036363775,5,4.636363775
"310","Marvin Jones","WR",7.35833333333333,5.1,8.4875,3,3.3875
"311","Marvin Jones Jr.","WR",8.1187498095,7.4,8.837499619,2,1.437499619
"312","Mason Crosby","K",7.7908333334,6,8.29375,5,2.29375
"313","Matt Bryant","K",8.4925,7.4,12,5,4.6
"314","Matt Cassel","QB",9.229999542,9.229999542,9.229999542,1,0
"315","Matt Forte","RB",12.377115338,9.83125,15.6,5,5.76875
"316","Matt Jones","RB",8.4438461774,7.3,9.5,5,2.2
"317","Matt LaCosse","TE",3.700000048,3.700000048,3.700000048,1,0
"318","Matt McGloin","QB",5.340000153,5.340000153,5.340000153,1,0
"319","Matt Prater","K",7.715,6.5,9,5,2.5
"320","Matt Ryan","QB",16.68075003,15.13125,19.5,5,4.36875
"321","Matt Schaub","QB",15.30000019,15.30000019,15.30000019,1,0
"322","Matthew Stafford","QB",17.127999984,13.1,18.95499992,5,5.85499992
"323","Maxx Williams","TE",4.47604165075,3.06875,7.7,4,4.63125
"324","Melvin Gordon","RB",8.078928615,6.3,10.3,5,4
"325","Miami","D",4,4,4,1,0
"326","Miami Dolphins","D",6,6,6,1,0
"327","Michael Campanaro","WR",3.424999952,3.424999952,3.424999952,1,0
"328","Michael Crabtree","WR",9.311249962,7.6,11.79374981,5,4.19374981
"329","Michael Floyd","WR",9.0686665852,6.8,11.8,5,5
"330","Michael Thomas","WR",6.49375,3.8,7.9,4,4.1
"331","Mike Evans","WR",11.369666748,10.3375,13.6,5,3.2625
"332","Mike Gillislee","RB",6.6599998475,3.6,9.719999695,2,6.119999695
"333","Mike Nugent","K",7.0075,5,8.1875,5,3.1875
"334","Mike Wallace","WR",5.64520835875,4.8,6.24375,4,1.44375
"335","Minnesota","D",5.9,5.9,5.9,1,0
"336","Minnesota Vikings","D",8.8125,8.8125,8.8125,1,0
"337","Mohamed Sanu","WR",5.765,3.4,7.3,5,3.9
"338","Mychal Rivera","TE",3.571428571,3.571428571,3.571428571,1,0
"339","Nate Washington","WR",8.71538485,8.71538485,8.71538485,1,0
"340","Nelson Agholor","WR",3.66730767775,3.2,4.9,4,1.7
"341","New England","D",5.8,5.8,5.8,1,0
"342","New England Patriots","D",8.4375,8.4375,8.4375,1,0
"343","New Orleans","D",3.6,3.6,3.6,1,0
"344","New Orleans Saints","D",5.125,5.125,5.125,1,0
"345","New York","D",5.35,4.7,6,2,1.3
"346","New York Giants","D",7.375,7.375,7.375,1,0
"347","New York Jets","D",7.3125,7.3125,7.3125,1,0
"348","Nick Foles","QB",9.64363653,9.64363653,9.64363653,1,0
"349","Nick Folk","K",7.8683035715,7.34375,9.285714286,4,1.941964286
"350","Nick Novak","K",7.6225,7,8,5,1
"351","Nick Williams","WR",3.309091048,3.309091048,3.309091048,1,0
"352","Oakland","D",6.2,6.2,6.2,1,0
"353","Oakland Raiders","D",7,7,7,1,0
"354","Odell Beckham","WR",8.4,8.4,8.4,1,0
"355","Odell Beckham Jr.","WR",14.2279164625,12.8125,18.08666585,4,5.27416585
"356","Patrick Murray","K",6.2875,5,6.93125,3,1.93125
"357","Paul Richardson","WR",4.5,4.5,4.5,1,0
"358","Pharoh Cooper","WR",3.6,3.6,3.6,1,0
"359","Phil Dawson","K",6.96,6.5,8,5,1.5
"360","Philadelphia","D",5.6,5.6,5.6,1,0
"361","Philadelphia Eagles","D",8.25,8.25,8.25,1,0
"362","Philip Rivers","QB",15.526500138,12.7,18.59250069,5,5.89250069
"363","Phillip Dorsett","WR",6.1138636502,3.381818251,8.6,5,5.218181749
"364","Pierre Garcon","WR",8.0037499618,6.23125,11.2,5,4.96875
"365","Pittsburgh","D",6.1,6.1,6.1,1,0
"366","Pittsburgh Steelers","D",9.3125,9.3125,9.3125,1,0
"367","Quan Bray","WR",10.5,10.5,10.5,1,0
"368","Quincy Enunwa","WR",5.35454545466667,3.1,9.1,3,6
"369","Quinton Patton","WR",4.546250019,3.806250095,5.3,5,1.493749905
"370","Randall Cobb","WR",8.639999924,4.5,10.58749962,5,6.08749962
"371","Randy Bullock","K",9,9,9,1,0
"372","Rashad Greene","WR",5.794444402,4.088888804,7.5,2,3.411111196
"373","Rashad Jennings","RB",10.3899999238,9.275,13.7,5,4.425
"374","Reggie Bush","RB",3.45625,3.45625,3.45625,2,0
"375","Richard Rodgers","TE",5.56458346033333,3.7,8.193750381,3,4.493750381
"376","Rishard Matthews","WR",5.87818179,3.5,10.19090895,5,6.69090895
"377","Rob Gronkowski","TE",9.863000082,5.9,14.64000041,5,8.74000041
"378","Robbie Gould","K",7.3533333334,5,9.866666667,5,4.866666667
"379","Robert Griffin","QB",14.9875,14.9875,14.9875,2,0
"380","Robert Griffin III","QB",11.21,4.82,17.6,2,12.78
"381","Robert Turbin","RB",3.185000038,3.170000076,3.2,2,0.0299999240000002
"382","Robert Woods","WR",5.3003570992,4.5,6.764285496,5,2.264285496
"383","Roberto Aguayo","K",7.89375,6.6,8.4875,4,1.8875
"384","Ronnie Hillman","RB",3.75,3.6,3.9,2,0.3
"385","Rueben Randle","WR",7.2312499045,4.7,9.762499809,2,5.062499809
"386","Russell Wilson","QB",20.456250122,19.2125,21.64,5,2.4275
"387","Ryan Fitzpatrick","QB",16.800500152,16.2,18.76250076,5,2.56250076
"388","Ryan Grant","WR",5.5958333015,4.191666603,7,2,2.808333397
"389","Ryan Griffin","TE",4.166666582,3.1,5.233333164,2,2.133333164
"390","Ryan Mallett","QB",10.99142892,10.99142892,10.99142892,1,0
"391","Ryan Mathews","RB",9.2640384616,5.9,13.3,5,7.4
"392","Ryan Nassib","QB",6.71999979,6.71999979,6.71999979,1,0
"393","Ryan Succop","K",6.1928571428,5,6.875,5,1.875
"394","Ryan Tannehill","QB",15.033750092,10.38,16.86375046,5,6.48375046
"395","Sam Bradford","QB",13.950785628,10.90625,16.92,5,6.01375
"396","Sammie Coates","WR",4.996875,4.04375,7,4,2.95625
"397","Sammy Watkins","WR",11.374615432,8.7,14.52307716,5,5.82307716
"398","San Diego","D",3.5,3.5,3.5,1,0
"399","San Diego Chargers","D",5.1875,5.1875,5.1875,1,0
"400","San Francisco","D",4.4,4.4,4.4,1,0
"401","San Francisco 49ers","D",4.5,4.5,4.5,1,0
"402","Seattle","D",6.6,6.6,6.6,1,0
"403","Seattle Seahawks","D",10.3125,10.3125,10.3125,1,0
"404","Sebastian Janikowski","K",8.2775,7.125,12,5,4.875
"405","Seth Roberts","WR",5.05,4.05,6.1,4,2.05
"406","Shane Vereen","RB",6.9962499238,4.4,10.4,5,6
"407","Shaun Draughn","RB",5.31988639825,4.9625,5.854545593,4,0.892045593
"408","Shaun Hill","QB",11.43125,11.43125,11.43125,2,0
"409","Spencer Ware","RB",5.4666667515,4.3,8.866667006,4,4.566667006
"410","Stefon Diggs","WR",7.0444231238,4.4,9.484615619,5,5.084615619
"411","Stephen Gostkowski","K",8.25,5,10.6875,5,5.6875
"412","Sterling Shepard","WR",6.490625,4.7,7.18125,4,2.48125
"413","Steve Smith Sr.","WR",8.8008928575,6.5375,15.42857143,4,8.89107143
"414","Steven Hauschka","K",9.3425,7.7,12,5,4.3
"415","Stevie Johnson","WR",10.02222188,10.02222188,10.02222188,1,0
"416","T.J. Yeldon","RB",8.66041654,7.575,11.49166616,4,3.91666616
"417","T.Y. Hilton","WR",10.636249924,9.7,12.4,5,2.7
"418","Tajae Sharpe","WR",4.446875,3.8,4.79375,4,0.99375
"419","Tampa Bay","D",5.2,5.2,5.2,1,0
"420","Tampa Bay Buccaneers","D",6.625,6.625,6.625,1,0
"421","Tavarres King","WR",7.7,7.7,7.7,1,0
"422","Tavon Austin","WR",7.853749962,5.4,10.79374981,5,5.39374981
"423","Taylor Gabriel","WR",3.174999873,3.174999873,3.174999873,1,0
"424","Ted Ginn","WR",10.8,10.8,10.8,1,0
"425","Ted Ginn Jr.","WR",4.65833333333333,4.1,4.9375,3,0.8375
"426","Teddy Bridgewater","QB",13.395000075,13.09000015,13.7,2,0.609999849999999
"427","Tennessee","D",4.8,4.8,4.8,1,0
"428","Tennessee Titans","D",5.625,5.625,5.625,1,0
"429","Terrance West","RB",4.5875,4.5875,4.5875,2,0
"430","Terrance Williams","WR",7.45,5.925,11.1,5,5.175
"431","Terrelle Pryor","WR",4.86666666666667,4.6,5,3,0.4
"432","Tevin Coleman","RB",4.804166635,3.46666654,5.775,4,2.30833346
"433","Theo Riddick","RB",6.31,4,8.6875,5,4.6875
"434","Thomas Rawls","RB",10.324166642,9.58125,12.6,5,3.01875
"435","Tim Hightower","RB",8.8468750625,3.19375,15.6,4,12.40625
"436","Todd Gurley","RB",14.53961529,14,15.22307645,5,1.22307645
"437","Tom Brady","QB",16.95416692,14.45625,21.95000076,3,7.49375076
"438","Tony Moeaki","TE",4.433333397,4.433333397,4.433333397,1,0
"439","Tony Romo","QB",11.91499996,11.91499996,11.91499996,1,0
"440","Tony Romo*","QB",9.98125,9.98125,9.98125,2,0
"441","Torrey Smith","WR",8.0100000382,6.800000191,9.9,5,3.099999809
"442","Travaris Cadet","RB",6.708333397,6.116666794,7.3,2,1.183333206
"443","Travis Benjamin","WR",7.5562500475,6.54375,10.23750019,4,3.69375019
"444","Travis Coons","K",7.08125,7.0625,7.1,2,0.0374999999999996
"445","Travis Kelce","TE",8.74625,7.26875,11.1,5,3.83125
"446","Tre Mason","RB",3.269230769,3.269230769,3.269230769,1,0
"447","Tre McBride","WR",6.8,6.8,6.8,1,0
"448","Trevor Siemian","QB",9.4075,7.625,11.98,4,4.355
"449","Troy Niklas","TE",4.324999809,4.324999809,4.324999809,1,0
"450","Ty Montgomery","WR",6.975,5.75,8.2,2,2.45
"451","Tyler Boyd","WR",5.17916666666667,4.5,5.51875,3,1.01875
"452","Tyler Eifert","TE",12.73076923,12.73076923,12.73076923,1,0
"453","Tyler Eifert*","TE",5.40625,5.40625,5.40625,2,0
"454","Tyler Ervin","RB",3.09375,3.09375,3.09375,2,0
"455","Tyler Kroft","TE",4.066666603,4.066666603,4.066666603,1,0
"456","Tyler Lockett","WR",6.8412499238,4.1,8.743749619,5,4.643749619
"457","Tyrell Williams","WR",7.6,7.2,8,2,0.8
"458","Tyrod Taylor","QB",18.443571516,16.6625,22,5,5.3375
"459","Vance McDonald","TE",5.0721428354,3.6,8.8,5,5.2
"460","Vernon Davis","TE",4.5,4.5,4.5,1,0
"461","Victor Cruz","WR",4.25,3.7,4.8,2,1.1
"462","Vincent Jackson","WR",7.171000061,4.7,9.080000305,5,4.380000305
"463","Virgil Green","TE",3.66875,3.66875,3.66875,2,0
"464","Washington","D",4.2,4.2,4.2,1,0
"465","Washington Redskins","D",8.3125,8.3125,8.3125,1,0
"466","Wendell Smallwood","RB",3.1,3.1,3.1,1,0
"467","Will Fuller","WR",6.075,4.8,6.7125,3,1.9125
"468","Will Tye","TE",5.3855769466,3.60625,9.1,5,5.49375
"469","Willie Snead","WR",9.007833252,7.05625,12.6,5,5.54375
"470","Zac Stacy","RB",3.699999946,3.699999946,3.699999946,1,0
"471","Zach Ertz","TE",8.5906667074,7.25,11.3,5,4.05
"472","Zach Hocker","K",5.625,5.625,5.625,1,0
"473","Zach Mettenberger","QB",7.028571538,7.028571538,7.028571538,1,0
"474","Zach Miller","TE",6.6450000254,4.1,9.6,5,5.5
